
{
  "host": "localhost",
  "port": 1313,
  "public": "../public/",
  "paginate": {
    "default": 10,
    "max": 50
  },
  "authentication": {
    "entity": "user",
    "service": "users",
    "secret": "F8NMHrn8RgLNz0zcDPOpoI/u04I=",
    "authStrategies": [
      "jwt",
      "local"
    ],
    "jwtOptions": {
      "header": {
        "typ": "access"
      },
      "audience": "https://yourdomain.com",
      "issuer": "feathers",
      "algorithm": "HS256",
      "expiresIn": "1d"
    },
    "local": {
      "usernameField": "email",
      "passwordField": "password"
    }
  },
  "mongodb": "mongodb+srv://admin-web:stuart@cluster0.podle1o.mongodb.net/nombreSubdominio?authSource=admin"
  
}
